id,patient_id,first_name,last_name,birthdate,gender,address,city,postcode,user_id,password
1784,ef5335dd-db17-491e-8150-20ce24712b06,Opal,Larkin,1999-01-21,F,805 Bosco Vale,Lincoln,68336,opall,opall
1793,716d85fe-421b-4afb-b061-7f3026734a72,Lue,Terry,1966-07-15,F,861 Moen Knoll,Omaha,68007,luet,luet
1799,c7bf803b-fdd7-4fbe-8736-fb2c8ed5fbd3,Stanley,Kris,1987-08-08,M,351 Emmerich Village,Omaha,68007,stanleyk,stanleyk
1827,47c0e21b-baf2-4558-b535-5de33cc0477a,Penny,Daugherty,1957-02-13,F,970 McCullough Haven,Plainview,68769,pennyd,pennyd
1833,87cefb4d-702c-4ba4-9a93-208e41d5d6d4,Lawerence,Pollich,2003-07-20,M,1001 Lind Pathway Unit 64,Auburn,68305,lawerencep,lawerencep
1852,0f134891-414c-46dc-9291-836eb3765c02,Keven,Stehr,1985-07-31,M,1054 Gleichner Dale Apt 51,Marion,54950,kevens,kevens
2027,302884bf-8bf4-4943-8b34-e223012a92e9,Kimberely,Purdy,1931-10-29,F,293 Heller Well Apt 33,Guthrie,73044,kimberelyp,kimberelyp
2203,8b542900-69a7-4f1f-9420-edefecda9cdf,Wan,Braun,1976-08-26,F,935 Leannon Key,Paris,40362,wanb,wanb
2259,fa19492e-c4d6-49e7-93b0-92ee3fc52a7f,Elisa,Villag√≥mez,1994-07-01,F,169 Turcotte Passage,Greenbelt,20706,elisav,elisav
2284,c660eeb2-020c-4598-8e9f-fd3c57f3e7b9,Austin,Spencer,1952-08-06,F,961 Hilll Brook Unit 13,Gaithersburg,20850,austins,austins